"inline_NO_brace","inline_YES_brace","nextline_brace","double_backslash_NO_Space","double_backslash_YES_Space","single_backslash_asterisk","NO_parenthesis","YES_parenthesis","unary_NO_space","unary_YES_space","NO_binary_NO","NO_binary_YES","YES_binary_NO","YES_binary_YES","Programmer"
0,15,0,0,0,5,0,11,0,0,8,14,17,33,A
0,8,0,0,0,3,0,7,0,0,4,4,13,26,A
0,28,0,0,2,8,0,12,0,0,5,27,13,59,A
0,5,0,0,0,0,0,6,0,0,3,4,7,16,A
0,15,0,0,0,0,0,10,0,0,2,13,19,35,A
0,7,0,0,15,0,1,4,0,0,3,11,3,40,A
0,8,0,0,0,0,0,12,0,0,1,12,8,20,A
0,1,0,0,0,1,0,0,0,0,5,1,5,0,A
0,49,0,0,3,1,0,41,1,0,8,51,53,107,A
30,4,0,0,5,3,25,0,0,0,1,45,20,82,A
0,114,0,0,39,11,0,101,2,0,10,162,105,365,A
0,13,0,0,0,3,1,24,0,0,6,13,28,55,A
1,1,0,0,0,1,0,1,0,0,1,0,2,0,A
0,7,0,0,3,1,3,3,1,0,5,3,2,41,A
0,4,0,0,2,0,0,2,0,0,8,6,11,1,A
0,53,0,0,42,8,7,22,0,0,1,51,36,79,A
12,348,36,1,119,9,72,284,0,3,1,307,221,1423,A
0,42,0,0,22,0,0,27,0,0,8,63,39,139,A
0,32,0,0,1,0,0,9,0,0,4,68,37,70,A
0,1,0,0,0,1,0,0,0,0,3,1,3,0,A
0,6,0,0,7,0,0,0,0,0,1,0,2,51,A
0,4,0,0,0,0,0,3,0,0,10,4,5,5,A
0,4,0,0,0,13,0,3,0,0,6,4,10,23,A
0,39,0,0,5,13,0,46,2,0,9,86,37,165,A
0,6,0,0,0,7,0,4,0,0,5,33,7,24,A
0,99,0,3,0,5,2,85,1,0,7,72,82,316,A
0,39,0,0,0,0,0,30,1,0,8,60,28,73,A
1,5,4,0,2,1,11,0,0,0,1,17,12,17,A
0,5,0,0,0,6,0,3,0,0,4,0,8,20,A
0,26,0,0,0,19,0,25,0,0,27,40,33,2,A
0,12,0,0,0,3,2,5,0,0,8,15,19,21,A
6,94,0,0,42,2,7,92,0,1,1,68,86,214,A
1,68,0,11,0,0,7,42,2,0,9,47,52,275,A
21,96,6,0,47,2,27,62,0,0,1,117,57,255,A
2,52,0,0,19,4,10,47,0,1,1,103,33,218,A
0,6,0,0,4,13,0,4,0,0,1,7,7,11,A
0,9,0,0,2,0,0,11,0,0,8,8,13,5,A
0,26,0,0,15,0,0,29,0,0,6,36,36,72,A
1,5,0,0,2,1,5,4,0,0,4,13,10,29,A
1,42,0,2,2,0,5,16,0,0,6,78,26,123,A
4,20,0,0,9,3,4,33,0,0,2,21,17,69,A
0,3,0,0,0,0,0,1,0,0,4,2,5,0,A
0,7,0,0,0,5,0,3,0,0,3,17,4,11,A
0,19,0,0,2,0,0,10,0,0,7,29,24,77,A
0,1,0,0,0,0,0,1,0,0,4,3,5,6,A
2,7,1,0,14,3,12,1,0,0,1,11,7,31,A
0,24,0,0,2,12,0,24,0,0,6,22,21,122,A
0,4,0,0,0,0,0,4,0,0,3,5,7,4,A
0,10,0,0,0,0,0,5,2,0,3,4,3,43,A
16,15,0,0,11,4,8,15,0,0,1,3,16,95,A
0,52,0,0,2,32,1,47,3,0,8,38,59,199,A
2,16,0,0,9,9,2,23,0,0,1,14,12,33,A
0,26,0,0,5,1,0,20,2,0,8,43,27,110,A
0,12,0,0,0,15,0,7,0,0,10,16,20,18,A
0,0,0,0,0,4,0,0,0,0,4,0,4,0,A
0,121,0,2,42,17,0,96,29,1,18,95,176,320,A
1,81,0,1,6,57,5,62,1,0,21,49,53,230,A
0,8,0,0,0,1,0,3,0,0,6,7,6,27,A
8,2,0,0,3,0,10,0,0,0,2,1,5,22,A
0,5,0,0,0,0,0,5,0,0,4,3,7,7,A
0,16,0,0,18,1,0,5,0,0,8,10,18,70,A
0,22,0,0,1,4,0,21,1,0,9,17,23,58,A
0,27,0,0,1,0,0,11,0,0,5,26,17,58,A
0,16,0,0,5,8,0,16,0,0,11,25,29,39,A
0,10,0,0,5,1,1,5,0,0,1,13,6,4,A
0,5,0,0,0,0,0,2,5,0,7,4,13,21,A
0,46,0,0,2,4,0,38,0,0,7,74,63,111,A
0,66,0,0,3,51,0,57,0,0,8,36,33,184,A
0,27,0,0,3,1,2,22,0,0,0,28,15,36,A
0,105,0,0,33,5,1,63,4,0,13,76,84,404,A
15,3,0,0,0,0,0,0,13,4,1,42,1,14,B
0,2,0,0,0,0,0,0,0,0,0,8,5,10,B
41,1,0,0,0,0,0,0,14,0,111,139,16,8,B
0,3,0,0,0,0,0,0,0,0,0,2,2,0,B
2,7,0,0,0,0,0,5,0,0,7,16,9,15,B
12,12,0,0,0,0,0,0,0,0,1,46,0,0,B
13,9,0,0,0,0,0,0,0,0,12,18,0,0,B
3,2,0,0,0,0,0,0,2,0,0,26,0,0,B
6,1,0,0,0,0,0,0,33,0,22,48,0,4,B
0,178,11,0,131,0,0,152,0,0,2,126,103,300,B
0,1,0,0,0,0,0,0,0,0,0,4,0,2,B
0,3,6,0,0,0,0,0,0,0,0,0,1,1,B
9,2,0,0,0,0,0,0,3,0,2,10,3,0,B
3,1,4,0,0,0,0,0,0,0,0,5,1,4,B
41,1,0,0,0,0,1,0,12,0,49,83,0,5,B
54,1,0,0,0,1,21,19,0,0,98,108,6,11,B
10,1,0,0,0,0,0,0,1,0,3,23,0,0,B
11,1,0,0,0,0,0,0,0,0,6,13,0,0,B
0,2,0,0,0,0,0,0,0,0,0,4,1,0,B
0,1,0,0,0,0,0,0,67,0,34,68,0,6,B
42,48,3,0,0,0,0,3,8,0,43,172,17,25,B
1,1,0,0,0,0,0,0,0,0,0,5,0,0,B
0,21,0,0,9,0,0,28,1,0,1,49,18,85,B
116,15,0,0,0,0,0,0,1,0,121,150,9,9,B
0,1,0,0,0,0,0,0,0,0,0,7,0,0,B
0,1,0,0,0,0,0,0,1,0,13,66,0,8,B
0,0,0,0,0,1,0,0,0,0,0,0,1,3,B
0,109,0,0,32,0,0,127,0,0,0,94,63,163,B
0,2,0,0,0,0,0,0,0,0,0,4,1,0,B
4,387,0,0,457,0,0,435,1,0,37,646,437,1127,B
32,1,0,0,0,0,0,0,0,0,53,60,15,0,B
0,1,0,0,0,0,0,0,0,0,0,0,0,0,B
0,151,0,0,125,0,0,169,0,0,0,165,167,385,B
2,3,0,0,0,0,0,0,34,2,13,85,0,13,B
0,1,0,0,0,0,0,0,0,0,0,0,6,0,B
0,1,0,0,0,0,0,0,0,0,0,35,0,0,B
0,4,0,0,1,0,0,3,0,0,0,6,4,11,B
44,1,0,0,0,0,0,0,0,0,31,82,13,0,B
0,2,0,0,0,0,0,0,0,0,0,14,3,5,B
0,109,0,0,89,0,0,115,2,0,0,99,77,306,B
13,24,0,0,9,0,0,36,0,0,0,43,41,95,B
7,1,0,0,0,0,0,0,0,0,5,15,0,0,B
5,2,0,0,0,0,0,0,0,1,3,10,0,0,B
11,1,0,0,0,0,0,0,0,0,4,94,0,12,B
0,21,0,0,22,0,0,14,5,0,4,66,7,49,B
13,1,0,0,0,0,0,0,0,0,16,18,0,4,B
4,2,0,0,0,0,0,0,13,0,18,14,2,8,B
2,6,0,0,0,0,0,4,0,0,0,19,3,8,B
45,1,1,0,0,0,0,0,0,0,29,93,6,4,B
14,1,0,0,0,0,0,3,0,0,30,28,2,0,B
0,11,0,0,2,0,0,0,8,2,0,25,2,2,B
0,8,0,0,2,0,0,0,0,0,0,46,0,50,B
0,10,0,0,2,0,0,0,0,0,1,9,6,20,B
0,1,0,0,1,0,0,0,0,0,0,20,0,22,B
0,6,0,0,1,0,0,0,0,0,1,11,0,5,B
0,22,0,0,1,0,0,13,0,0,0,17,25,33,B
0,5,0,0,3,0,0,0,1,0,0,1,3,3,B
0,3,0,0,1,0,0,0,3,1,0,5,0,5,B
0,1,0,0,1,0,0,0,0,0,0,25,0,25,B
0,2,0,0,1,0,0,0,0,0,0,2,3,5,B
0,42,0,0,1,0,8,54,0,0,4,40,8,97,B
0,3,0,0,1,0,0,0,0,0,0,5,0,6,B
5,137,0,1,36,15,10,140,0,0,1,142,185,269,B
0,35,0,0,1,0,0,30,0,0,0,70,25,35,B
0,11,0,0,1,0,0,0,0,0,1,6,3,13,B
0,4,0,0,1,0,0,0,0,0,0,5,6,3,B
0,17,0,0,7,0,0,14,0,0,0,28,10,45,B
0,5,0,0,1,0,0,0,0,0,0,7,0,1,B
0,4,0,0,1,0,0,3,0,0,1,12,11,7,B
0,1,0,0,1,0,0,0,0,0,0,2,0,0,B
0,28,0,0,1,1,0,20,0,0,2,7,22,40,B
3,12,0,0,1,0,0,1,0,0,0,28,6,13,B
0,4,0,0,1,0,0,0,0,0,0,51,0,0,B
1,35,0,0,3,0,0,0,1,2,8,45,5,19,B
1,237,0,0,10,0,1,156,5,0,2,241,168,349,B
0,10,0,0,1,0,0,0,3,0,0,70,1,21,B
1,2,0,0,1,0,0,0,1,0,0,16,3,11,B
0,1,0,0,3,0,0,0,0,0,0,0,0,0,B
0,1,0,0,1,0,0,0,0,0,0,0,0,12,B
2,48,0,0,1,0,0,2,0,0,0,101,2,19,B
0,3,0,0,1,0,0,1,0,0,0,10,0,9,B
0,1,0,0,1,0,0,0,0,0,0,0,1,0,B
0,6,0,0,8,0,0,0,0,0,0,4,0,2,B
12,82,0,0,52,1,0,92,1,0,0,42,47,144,B
0,1,0,0,1,0,0,0,0,0,0,6,1,0,B
7,8,0,0,6,0,0,0,2,0,2,70,1,6,B
0,8,0,1,2,3,0,0,7,0,2,58,8,6,B
0,21,0,0,1,0,0,32,0,0,2,30,25,37,B
0,18,0,0,5,0,0,19,0,0,1,22,15,65,B
0,2,0,0,2,0,0,0,0,0,0,0,1,0,B
0,1,0,0,3,0,0,0,0,0,0,22,0,0,B
0,4,1,0,2,0,0,0,0,0,0,6,0,1,B
60,349,0,0,80,32,7,393,5,0,0,451,497,865,B
0,7,0,0,3,0,0,10,0,0,0,4,7,5,B
0,14,0,0,1,0,0,0,0,0,0,28,11,46,B
0,1,2,0,1,0,0,0,0,0,0,2,0,3,B
0,4,0,0,10,0,0,6,0,0,0,12,9,10,B
0,17,0,0,1,0,0,0,9,0,0,50,3,0,B
0,2,0,0,1,0,0,0,0,0,0,0,0,0,B
3,1,0,0,1,0,0,0,0,0,0,6,0,1,B
0,91,0,0,3,0,0,0,0,0,0,128,15,52,B
0,11,0,0,3,0,0,5,0,0,1,18,12,7,B
0,11,2,0,1,0,0,0,0,0,0,13,4,5,B
0,4,0,0,1,0,0,0,0,2,0,5,0,4,B
0,11,0,0,1,0,0,0,0,0,1,12,0,4,B
0,2,0,0,1,0,0,0,9,0,0,8,1,6,B
0,17,0,2,4,0,0,7,18,0,6,70,21,28,B
1,7,0,0,1,0,0,0,0,0,2,33,3,0,B
0,17,0,0,1,1,0,5,0,0,0,14,22,45,B
0,1,0,3,0,1,0,0,0,0,2,1,0,3,C
0,4,0,13,0,1,0,2,0,0,0,5,2,5,C
0,1,0,0,0,0,0,0,0,0,2,0,0,0,C
0,7,2,13,9,1,0,2,0,0,0,1,2,12,C
0,1,0,0,0,0,0,0,0,0,2,0,0,0,C
0,1,0,0,0,1,0,0,0,0,2,0,0,0,C
0,2,1,0,0,0,0,3,1,0,2,1,0,14,C
0,2,0,18,1,1,0,3,1,0,0,1,2,14,C
0,2,0,7,0,0,0,1,0,0,2,3,0,8,C
0,0,1,2,0,1,0,0,0,0,2,1,0,4,C
0,1,1,3,0,1,0,1,1,0,2,2,0,8,C
0,1,1,0,0,0,0,1,0,0,2,0,0,3,C
0,2,0,5,0,0,0,1,0,0,3,1,0,6,C
0,4,1,0,0,1,0,4,0,0,2,1,1,12,C
0,0,1,2,4,1,0,4,0,0,0,2,5,6,C
0,0,6,18,0,1,0,0,0,0,3,4,0,10,C
0,0,6,20,0,1,0,0,0,0,3,5,0,9,C
0,0,1,7,0,1,0,4,0,0,0,3,2,7,C
0,0,1,7,0,1,0,4,0,0,0,3,2,7,C
0,1,0,0,0,1,0,0,0,0,2,0,0,0,C
0,1,4,27,1,1,0,7,1,0,0,1,2,22,C
0,0,2,0,0,0,0,0,0,0,0,3,2,6,C
0,4,1,6,4,1,0,4,0,0,2,1,1,12,C
0,4,1,0,0,1,0,4,0,0,2,1,1,12,C
0,5,0,0,0,1,0,4,0,0,3,1,0,10,C
0,4,1,0,0,1,0,4,0,0,2,1,1,12,C
0,1,2,2,0,1,0,2,0,0,2,1,0,4,C
0,1,1,0,0,1,0,2,0,0,0,0,2,5,C
0,4,2,7,0,0,0,4,0,0,0,2,4,14,C
0,0,3,0,0,0,0,2,0,0,0,1,3,4,C
0,2,1,3,2,1,0,2,0,0,0,1,2,5,C
0,2,0,10,0,1,0,1,0,0,2,1,1,2,C
0,3,2,12,3,1,0,4,0,0,0,3,2,5,C
0,0,2,0,0,1,0,1,0,0,2,1,0,2,C
0,0,1,5,1,1,0,0,0,0,0,1,2,3,C
0,0,1,1,0,1,0,3,0,0,3,1,0,8,C
0,0,3,4,0,0,0,2,0,0,2,3,0,4,C
0,0,1,5,0,1,0,0,0,0,2,1,0,0,C
0,1,1,4,0,2,0,1,0,0,2,3,0,1,C
0,0,1,7,1,1,0,0,2,0,1,3,2,6,C
0,0,1,4,0,1,0,0,0,0,8,2,0,8,C
0,2,0,1,0,1,0,1,0,0,2,2,0,5,C
0,0,1,0,0,1,0,0,3,0,2,2,0,33,C
0,1,2,3,0,2,0,2,0,0,2,3,0,4,C
0,1,4,1,0,1,0,4,0,0,2,6,0,7,C
0,5,0,2,1,1,0,0,0,0,2,8,0,11,C
0,0,18,0,0,2,0,5,0,0,2,9,1,25,C
0,0,1,7,1,1,0,0,0,0,0,1,2,5,C
0,0,1,0,0,1,0,1,0,0,0,1,2,2,C
0,0,2,6,5,1,0,3,1,0,3,1,0,12,C
0,0,1,1,0,1,0,0,0,0,2,0,0,0,C
0,0,1,0,0,1,0,0,3,0,2,2,0,33,C
0,2,1,4,0,1,1,1,0,0,7,0,0,3,C
0,4,2,7,0,2,1,2,0,0,11,1,0,7,C
0,2,0,6,0,1,0,1,0,0,2,1,0,2,C
0,2,0,5,0,1,0,1,0,0,4,1,1,0,C
0,0,1,0,2,1,0,0,0,0,2,2,0,4,C
0,3,2,0,0,1,0,3,0,0,2,1,0,13,C
0,2,6,0,0,1,0,4,0,0,2,1,0,17,C
0,2,0,0,0,1,0,1,0,0,2,1,0,3,C
0,1,0,4,1,1,0,0,0,0,2,2,0,6,C
0,0,3,2,0,1,0,1,0,0,2,2,0,7,C
0,2,0,1,0,1,0,1,0,0,2,0,0,4,C
0,2,0,1,0,1,0,1,0,0,2,0,0,4,C
0,2,0,0,0,1,0,1,0,0,2,0,0,4,C
0,0,9,0,0,8,0,12,0,0,0,4,7,27,D
1,0,0,0,0,0,3,0,0,0,18,5,2,6,D
1,0,0,0,0,0,3,0,0,0,21,4,1,6,D
0,0,1,0,0,1,0,2,0,0,1,5,3,12,D
0,0,2,0,0,3,0,1,0,0,0,0,2,0,D
0,0,0,0,0,20,0,0,0,0,0,0,0,4,D
0,0,35,0,0,52,0,52,0,1,8,50,42,133,D
0,2,72,0,10,13,0,15,0,0,0,61,5,56,D
0,0,122,0,117,39,0,166,9,0,0,98,59,374,D
1,1,291,0,240,92,0,265,36,0,2,125,133,677,D
0,0,20,0,26,7,0,32,5,0,0,29,17,93,D
0,0,27,0,8,15,0,36,3,0,0,29,24,95,D
0,9,28,2,25,10,0,28,2,0,2,307,21,105,D
0,3,409,1,519,131,0,649,34,1,11,339,202,1644,D
0,0,229,0,467,8,0,322,22,0,10,156,45,857,D
3,1,188,0,367,35,0,276,19,0,1,163,55,748,D
0,5,453,0,290,100,0,546,45,0,6,435,334,1393,D
2,0,186,0,160,70,0,253,13,0,1,123,95,673,D
31,18,352,1,790,48,4,565,30,0,0,138,115,1328,D
0,0,79,0,75,21,0,99,0,0,1,92,54,258,D
0,0,153,0,147,48,0,224,33,0,10,145,69,644,D
0,6,263,0,263,27,0,388,21,0,1,224,115,946,D
0,4,67,0,44,23,0,101,8,0,3,42,33,282,D
0,2,37,2,39,26,0,36,3,0,0,48,60,89,D
0,3,7,0,4,9,0,8,5,0,1,15,14,45,D
0,2,85,0,80,17,0,95,4,0,3,54,53,303,D
1,0,115,0,32,49,0,136,10,0,0,115,103,259,D
0,7,275,0,369,59,0,432,10,0,0,220,146,1147,D
3,3,1746,0,399,22,0,69,5,0,0,87,23,184,D
0,1,0,0,0,5,0,0,0,0,0,1,1,0,D
0,2,226,5,195,59,0,262,17,0,12,189,96,582,D
0,0,254,0,485,6,0,364,42,0,2,133,37,1507,D
0,2,247,0,442,33,0,377,31,0,2,179,45,1176,D
0,3,362,0,618,124,0,577,29,0,2,189,50,1326,D
8,1,541,1,341,159,0,713,32,0,1,450,281,1739,D
0,0,79,0,46,29,0,87,1,0,0,79,77,284,D
0,11,1351,0,333,223,0,826,88,0,5,1897,639,2558,D
4,0,470,0,264,105,0,435,18,0,3,467,271,970,D
0,0,106,0,32,43,0,132,19,0,0,134,100,319,D
0,6,402,1,592,123,0,655,31,0,3,317,143,1548,D
0,0,80,0,81,25,1,116,2,0,1,84,35,250,D
5,3,751,0,704,237,0,958,60,0,4,492,415,2365,D
0,0,185,0,227,101,4,231,3,0,1,83,80,516,D
1,2,327,0,442,90,0,494,24,0,1,232,89,1465,D
5,2,450,0,587,132,0,689,36,0,17,364,174,1698,D
1,0,324,1,381,96,0,506,34,0,4,302,238,1312,D
0,0,205,4,271,63,0,277,25,0,7,150,143,704,D
0,0,313,0,468,100,0,395,43,0,2,278,194,1337,D
5,1,267,0,370,118,0,367,17,0,0,175,67,1170,D
0,1,364,0,528,142,0,568,23,0,5,341,80,1718,D
0,1,167,0,159,32,0,185,19,0,30,325,88,460,D
0,1,200,7,14,9,0,208,42,67,30,377,132,784,D
0,2,96,0,55,50,0,63,12,0,13,144,50,291,D
0,3,83,0,68,28,0,69,12,0,33,124,69,295,D
0,8,176,0,209,88,2,175,8,0,96,306,173,492,D
0,0,60,0,36,4,0,44,0,0,33,94,94,162,D
1,10,571,9,574,155,1,446,40,0,128,670,266,1622,D
0,5,275,0,203,72,0,310,22,1,33,811,132,684,D
2,13,300,14,152,33,0,194,0,2,1,371,146,588,D
0,10,681,11,626,202,0,661,94,1,26,734,213,2104,D
0,3,382,0,183,94,0,224,18,0,14,426,90,718,D
0,3,131,0,130,19,1,165,14,0,16,144,42,437,D
0,0,75,1,49,18,0,90,6,0,19,331,56,192,D
0,4,103,0,56,77,0,99,11,1,13,144,36,372,D
0,1,412,3,220,64,0,293,68,0,27,341,107,692,D
0,0,29,0,33,23,0,36,3,0,0,23,25,109,D
0,1,104,0,221,17,0,139,11,0,1,109,50,373,D
0,11,278,0,256,96,0,415,18,0,7,197,95,1121,D
0,1,202,0,164,50,0,277,24,0,19,219,129,600,D
0,15,347,0,151,10,0,195,2,8,7,563,300,429,D
0,7,388,3,132,90,0,212,12,0,8,460,423,786,D
0,0,2,0,8,3,0,2,0,0,0,1,5,9,D
0,6,183,7,131,15,0,68,4,0,28,108,84,172,D
0,7,204,7,140,23,0,88,2,0,15,204,111,187,D
0,7,227,0,64,12,0,91,9,0,20,161,96,311,D
0,11,179,10,88,32,0,183,12,0,13,289,127,432,D
0,3,100,1,76,53,0,143,8,0,2,132,98,360,D
4,0,1,1,10,0,0,0,0,0,3,0,1,3,D
3,0,166,0,219,37,0,243,40,0,1,99,58,731,D
0,16,318,0,517,73,0,493,34,0,0,197,126,1408,D
0,17,4,4,19,1,0,16,0,0,0,10,8,42,D
0,0,192,0,58,43,0,290,13,0,1,93,89,556,D
3,2,123,1,42,17,0,140,15,0,1,116,36,377,D
4,4,5,0,10,5,0,0,0,0,0,52,2,134,D
0,1,5,0,3,3,0,3,0,0,0,5,1,12,D
0,5,274,0,120,62,0,347,21,0,0,265,197,862,D
0,1,41,0,54,13,0,51,0,0,0,27,21,131,D
0,0,207,0,446,96,0,310,3,0,4,166,61,673,D
0,0,295,0,301,43,0,367,18,0,9,177,109,875,D
1,1,134,0,115,38,0,198,2,0,3,136,58,436,D
0,0,130,0,99,21,0,171,17,0,0,93,93,540,D
1,2,1818,3,488,105,0,411,33,2,582,1104,140,1297,D
0,0,105,0,108,72,0,129,0,0,2,92,77,385,D
0,0,12,0,12,3,0,8,0,0,0,16,2,57,D
0,3,406,0,536,200,0,563,58,0,3,429,225,1792,D
0,9,259,1,179,107,0,385,12,0,0,177,162,910,D
0,1,433,1,498,117,0,513,66,0,1,278,177,1527,D
0,0,4,0,22,5,0,1,1,0,5,58,7,140,D
3,0,209,1,219,78,0,322,15,0,3,183,111,787,D
2,0,520,0,309,140,0,453,75,0,21,444,182,1192,D
0,2,249,0,377,30,0,429,35,0,0,139,81,980,D
0,0,225,0,182,79,0,290,10,0,0,106,37,999,D
0,8,6,0,12,3,0,8,0,0,0,14,10,24,D
0,1,299,0,265,72,0,339,21,0,41,295,165,832,D
10,4,768,0,695,225,0,786,46,0,5,488,241,1852,D
0,0,367,0,480,60,0,502,55,0,3,274,70,1516,D
0,11,568,0,560,155,0,797,50,1,3,376,208,1857,D
1,136,257,0,276,17,0,415,5,0,6,220,186,592,D
0,3,128,1,114,63,0,145,34,2,18,100,76,284,D
0,2,43,0,32,15,0,54,0,0,6,56,34,136,D
0,3,225,3,250,62,0,244,4,0,5,250,136,723,D
0,0,13,1,9,2,2,10,0,0,0,15,8,44,D
0,9,581,1,741,270,0,760,34,0,28,466,189,1822,D
1,33,38,0,98,18,0,68,2,2,19,65,29,170,D
0,0,11,0,0,1,0,10,0,0,2,8,6,5,D
0,0,1,0,0,2,0,1,0,0,0,1,1,1,D
0,0,1,0,1,2,0,0,0,0,0,3,0,0,D
1,7,650,2,546,177,2,756,32,0,22,602,267,2119,D
2,1,130,0,145,22,0,193,4,0,0,63,31,709,D
0,2,368,0,245,97,0,533,18,1,0,368,205,1747,D
0,3,83,0,35,42,0,76,9,0,0,49,67,224,D
0,0,21,0,38,8,0,26,3,0,13,32,40,70,D
1,6,626,0,700,228,0,894,50,0,3,623,604,2302,D
2,6,262,2,304,76,3,280,21,0,13,171,111,829,D
2,4,352,0,567,53,0,524,18,1,1,254,107,1511,D
3,5,451,2,741,75,1,597,41,1,2,488,191,1697,D
0,1,237,0,297,38,0,375,16,0,0,199,73,980,D
0,0,392,0,368,121,0,590,47,0,2,332,79,1866,D
0,4,157,0,181,47,0,210,19,0,2,191,123,644,D
1,5,422,2,470,99,0,651,29,1,6,254,148,1571,D
0,0,97,0,159,17,0,208,13,0,2,78,64,447,D
0,3,18,1,7,6,0,18,5,0,2,141,13,125,D
7,6,246,0,258,74,0,312,13,0,0,211,235,734,D
0,3,33,0,7,12,0,30,0,0,0,45,34,97,D
0,0,373,2,525,81,0,564,33,2,4,304,199,1482,D
0,0,514,0,964,120,0,770,51,1,0,747,338,2014,D
0,0,346,0,833,45,0,461,26,1,0,402,175,1609,D
0,4,618,1,499,234,0,728,43,0,1,387,324,2034,D
1,0,335,1,441,100,0,498,37,0,1,242,159,1373,D
2,91,1610,0,898,171,0,548,667,0,130,1057,170,1538,D
0,11,573,3,409,133,0,778,25,0,4,689,416,2233,D
1,15,27,0,97,13,4,57,5,0,28,24,30,91,D
0,0,130,0,11,29,0,111,7,0,0,180,85,341,D
0,0,82,0,192,14,0,149,4,0,3,45,21,359,D
2,0,175,0,187,66,0,302,1,0,0,104,29,574,D
0,1,137,0,54,33,0,196,16,0,0,156,102,557,D
0,0,80,0,42,34,0,86,18,0,0,73,63,312,D
0,0,124,0,94,28,0,157,4,0,1,105,63,421,D
0,0,79,1,106,37,0,107,9,0,0,50,19,268,D
0,1,297,0,284,86,0,434,18,1,1,276,133,1198,D
0,1,38,0,14,6,0,61,0,0,4,32,15,99,D
0,16,207,0,109,26,0,224,20,0,2,90,89,517,D
0,0,434,0,382,113,0,592,36,2,0,332,267,1590,D
0,0,56,0,31,2030,0,66,14,1,0,26,19,194,D
8,14,632,1,559,168,14,890,6,1,0,761,550,2180,D
0,2,267,0,292,22,1,311,18,0,2,314,198,1097,D
2,0,72,0,43,17,0,82,5,0,0,68,66,222,D
0,0,103,0,49,22,0,157,2,0,0,97,66,315,D
14,5,286,0,348,42,0,426,23,0,2,266,162,1136,D
0,0,7,0,3,5,0,13,0,0,0,3,7,23,D
0,1,72,0,64,24,0,69,8,0,0,59,33,205,D
0,2,521,0,670,171,0,758,22,0,1,461,268,1939,D
0,0,2,1,3,2,0,3,0,0,0,1,8,7,D
0,21,10,0,11,1,32,1,0,0,0,18,15,97,D
0,14,51,0,48,8,24,1,0,0,8,21,6,32,D
0,5,4,0,0,1,13,1,0,0,5,17,5,45,D
0,35,8,0,21,10,54,0,0,0,4,25,10,138,D
0,29,43,0,53,10,32,10,0,0,6,121,28,159,D
0,61,48,0,25,27,117,8,0,0,8,139,77,391,D
0,97,52,0,143,16,210,11,8,0,27,278,66,708,D
0,58,290,4,11,18,1,12,3,0,0,345,6,71,D
0,17,27,0,10,10,30,3,0,0,0,65,32,122,D
0,88,31,0,38,1,164,4,3,0,28,159,55,221,D
0,0,8,0,0,1,0,8,0,0,0,3,3,9,D
0,0,1,0,0,6,0,1,0,0,1,3,8,3,D
0,79,13,2,19,53,0,122,2,0,0,104,58,398,D
0,27,6,1,6,11,0,47,4,0,1,57,27,143,D
0,19,8,1,6,4,2,38,3,0,0,66,20,126,D
0,21,10,1,15,12,4,37,1,0,0,53,29,111,D
0,37,0,1,0,8,0,51,4,6,0,67,48,206,D
0,40,6,1,5,6,0,61,3,5,1,40,32,197,D
0,0,63,0,0,39,0,154,16,0,47,89,23,298,D
0,1,0,0,0,1,0,0,0,0,0,0,1,0,E
0,2,0,0,0,0,0,1,0,0,0,1,5,2,E
0,3,0,0,0,0,0,2,0,0,0,3,3,4,E
0,7,0,0,0,0,0,4,0,0,0,5,4,9,E
0,2,0,0,0,0,0,1,0,0,0,2,3,2,E
1,1,0,0,0,2,0,0,0,0,4,3,5,3,E
1,27,0,0,0,12,0,17,0,0,0,27,0,73,E
0,1,0,0,0,0,0,0,0,0,0,0,1,1,E
0,1,0,0,0,0,0,0,0,0,0,0,1,1,E
0,1,0,0,0,0,0,0,0,0,0,0,1,1,E
0,1,0,0,0,0,0,0,0,0,0,0,1,0,E
0,1,0,0,0,0,0,0,0,0,0,0,1,2,E
0,1,0,0,0,0,0,0,0,0,0,0,1,1,E
0,2,0,0,0,0,0,1,0,0,0,0,1,0,E
0,1,0,0,0,0,0,0,0,0,0,0,1,1,E
0,1,0,0,0,0,0,0,0,0,0,0,1,4,E
0,1,0,0,0,0,0,0,0,0,0,0,1,0,E
0,1,0,0,0,0,0,0,0,0,0,0,1,0,E
0,1,0,0,0,0,0,0,0,0,0,0,1,1,E
0,1,0,0,0,0,0,0,0,0,0,0,1,3,E
0,1,0,0,0,0,0,0,0,0,0,0,1,0,E
0,3,0,0,0,0,0,1,0,0,0,0,1,0,E
0,5,0,0,0,0,0,1,0,0,10,2,1,0,E
0,1,0,0,0,0,0,0,0,0,0,2,2,0,E
0,2,0,0,0,0,0,1,0,0,0,2,4,3,E
0,2,0,0,0,0,0,1,0,0,0,3,4,2,E
0,2,79,0,0,57,0,96,0,3,3,54,39,274,E
1,0,0,0,0,1,0,0,0,0,1,5,5,0,E
1,0,0,0,0,1,0,0,0,0,1,5,5,0,E
0,2,0,0,0,0,0,0,0,0,0,1,2,14,E
0,1,0,0,0,1,0,0,0,0,0,2,2,0,E
0,1,0,0,0,0,0,2,0,0,1,1,2,6,E
0,12,2,0,0,13,4,4,0,0,23,1,3,15,E
0,6,0,0,0,0,0,5,0,0,2,5,3,11,E
0,2,0,0,0,0,1,0,0,0,2,4,4,4,E
0,0,0,0,0,0,0,0,0,0,0,0,1,0,E
0,0,0,0,0,0,0,0,0,0,0,0,1,0,E
0,0,0,0,0,0,0,0,0,0,0,0,1,0,E
0,0,0,0,0,0,0,0,0,0,0,0,1,0,E
0,0,0,0,0,0,0,0,0,0,0,0,1,0,E
0,0,0,0,0,0,0,0,0,0,0,0,1,0,E
6,0,0,0,0,0,0,0,0,0,0,5,22,0,E
0,0,0,0,0,0,0,0,0,0,0,0,2,0,E
0,0,0,0,0,0,0,0,0,0,0,0,1,0,E
0,1,0,0,0,0,0,0,0,0,0,0,1,1,E
3,2,0,0,0,0,0,3,0,0,15,4,1,1,E
0,2,0,0,0,0,0,1,0,0,2,3,1,0,E
0,2,0,0,0,0,0,1,0,0,2,3,1,0,E
0,1,0,0,0,0,0,0,0,0,0,0,1,1,E
0,2,0,0,0,0,0,1,0,0,0,1,4,2,E
0,1,0,0,0,0,0,0,0,0,0,1,2,0,E
0,1,0,0,0,0,0,0,0,0,0,0,2,0,E
0,2,0,0,0,0,0,1,0,0,0,2,4,2,E
0,2,0,0,0,0,0,1,0,0,0,2,3,6,E
0,2,0,0,0,0,0,1,0,0,0,2,3,5,E
0,2,0,0,0,0,0,1,0,0,0,1,3,2,E
0,2,0,0,0,0,0,1,0,0,0,2,4,1,E
0,3,0,0,0,0,0,2,0,0,0,2,3,6,E
0,5,0,0,0,0,0,4,0,0,0,2,2,10,E
0,2,0,0,0,0,0,1,0,0,0,2,4,2,E
0,1,0,0,0,0,0,0,0,0,0,1,1,0,E
0,2,0,0,0,0,0,1,0,0,0,1,3,4,E
0,2,0,0,0,0,0,1,0,0,0,6,2,2,E
0,2,0,0,0,0,0,1,0,0,0,1,1,0,E
0,1,0,0,0,0,0,0,0,0,0,1,1,0,E
0,6,0,0,0,0,0,4,0,0,1,3,3,9,E
0,7,0,0,0,5,0,6,0,0,0,3,2,12,E
0,5,0,1,0,0,0,4,0,0,0,4,1,9,E
0,1,0,0,0,0,0,0,0,0,0,1,1,0,E
0,11,0,0,0,0,0,8,0,0,0,15,4,21,E
0,4,0,0,0,0,0,2,0,0,0,1,1,3,E
0,8,0,0,0,2,0,7,0,0,0,4,2,10,E
0,2,0,0,0,0,0,1,0,0,0,2,2,0,E
0,8,0,0,0,0,0,6,0,0,0,3,3,16,E
0,4,0,0,0,0,0,3,0,0,0,7,4,7,E
0,2,0,0,0,0,0,0,0,0,0,6,2,3,E
0,7,0,0,0,0,0,4,0,0,1,3,7,7,E
0,9,0,0,0,0,0,7,0,0,2,6,4,18,E
1,1,0,0,0,0,0,0,0,0,1,2,1,0,E
0,2,0,0,0,0,0,1,0,0,0,1,3,1,E
0,1,3,0,0,0,0,0,0,0,2,13,3,2,E
0,1,0,0,0,0,0,0,0,0,0,1,1,0,E
0,1,0,1,0,0,0,0,0,0,0,1,1,0,E
0,4,0,0,0,0,0,2,0,0,1,1,5,1,E
0,1,0,0,0,0,0,0,0,0,0,3,3,0,E
0,1,0,0,0,0,0,0,0,0,0,2,1,0,E
0,9,0,0,0,0,0,6,0,0,1,6,7,15,E
0,2,0,0,0,0,0,1,0,0,0,2,1,3,E
0,3,0,0,0,0,0,0,0,0,0,3,1,21,E
0,0,23,0,2,1,0,51,0,0,4,28,2,107,E
0,19,13,0,1,2,2,40,0,2,33,81,7,195,E
0,0,21,0,15,0,0,35,0,0,2,1,6,76,E
0,2,0,0,0,0,0,1,0,0,0,2,1,4,E
0,1,0,0,0,0,0,0,0,0,0,0,3,0,E
0,3,0,0,0,0,0,1,0,0,0,0,2,1,E
0,1,0,0,0,0,0,0,0,0,0,2,1,0,E
0,4,0,0,0,0,0,3,0,0,0,1,2,8,E
0,4,0,0,0,0,0,3,0,0,0,1,2,8,E
0,4,0,0,0,0,0,3,0,0,0,2,2,6,E
0,5,0,0,0,0,0,3,0,0,0,4,1,13,E
0,4,0,0,0,0,0,3,0,0,0,3,2,8,E
0,3,0,0,0,0,0,1,0,0,0,0,2,1,E
0,3,0,0,0,0,0,1,0,0,0,0,2,1,E
2,11,3,0,0,12,0,11,1,0,11,4,15,49,E
0,7,0,0,0,0,0,6,0,0,0,5,7,19,E
0,2,0,0,0,0,0,1,0,0,0,1,4,2,E
0,7,0,1,0,3,0,15,0,0,55,7,2,11,E
0,1,0,0,0,0,0,0,0,0,0,0,1,18,E
0,1,0,0,0,0,0,0,0,0,0,0,0,18,E
1,0,0,0,0,0,0,0,0,0,0,0,1,1,E
1,0,0,0,0,0,0,0,0,0,0,0,1,1,E
0,8,0,0,0,0,0,12,3,0,1,3,3,26,E
0,6,0,0,0,0,0,5,0,0,0,4,4,11,E
0,6,0,0,0,0,0,5,0,0,1,6,5,9,E
0,16,1,0,0,2,0,14,0,0,8,5,4,27,E
0,17,1,0,0,2,0,14,0,0,1,7,5,39,E
0,3,0,0,0,0,0,2,0,0,0,4,1,4,E
0,3,0,0,0,0,0,2,0,0,0,5,1,4,E
0,2,0,0,0,0,0,1,0,0,0,4,1,2,E
0,5,0,0,0,0,0,3,0,0,0,4,1,7,E
0,2,0,0,0,0,0,1,0,0,0,3,1,1,E
0,3,0,0,0,0,0,2,0,0,0,2,2,4,E
0,1,0,0,0,0,0,2,0,0,0,3,1,2,E
0,3,0,0,0,0,0,2,0,0,0,3,1,2,E
0,3,0,0,0,0,0,2,0,0,0,2,1,2,E
0,1,2,0,0,0,0,1,0,0,0,12,2,3,E
0,5,0,0,0,0,0,4,0,0,1,3,2,9,E
0,2,0,0,0,0,0,1,0,0,0,3,2,5,E
0,4,0,0,0,33,0,2,0,0,0,2,1,4,E
0,2,0,0,0,0,1,0,0,0,0,2,1,1,E
0,3,0,0,0,0,0,2,0,0,0,2,2,5,E
0,4,0,0,0,0,0,4,0,0,0,3,1,4,E
0,3,0,0,0,0,0,2,0,0,0,2,1,3,E
0,4,0,0,0,0,0,3,0,0,0,5,1,4,E
0,2,0,0,0,0,0,1,0,0,1,5,3,5,E
0,2,0,0,0,0,0,1,0,0,0,4,1,3,E
0,1,0,0,0,0,0,3,0,0,0,5,1,5,E
0,3,0,0,0,0,0,2,0,0,0,3,1,4,E
0,4,0,0,0,0,0,2,0,0,0,2,1,3,E
0,5,0,0,0,0,1,3,0,0,0,3,1,9,E
0,4,0,0,0,0,0,3,0,0,0,4,1,3,E
0,1,0,0,0,0,0,0,0,0,0,4,1,0,E
0,4,0,0,0,0,0,3,0,0,0,5,1,6,E
0,1,0,0,0,1,0,0,0,0,1,2,1,0,E
0,2,0,0,0,0,0,1,0,0,1,3,4,2,E
0,2,0,0,0,0,0,1,0,0,1,3,4,2,E
0,2,0,0,0,0,0,1,0,0,1,2,4,3,E
0,2,0,0,0,0,0,1,0,0,1,3,4,2,E
0,2,0,0,0,0,0,1,0,0,1,3,4,2,E
0,2,0,0,0,0,0,1,0,0,1,4,4,2,E
0,2,0,0,0,0,0,1,0,0,1,2,4,2,E
0,2,0,0,0,0,0,1,0,0,1,2,4,2,E
0,2,0,0,0,0,0,1,0,0,1,3,4,2,E
0,2,0,0,0,0,0,1,0,0,1,1,5,2,E
0,1,0,0,0,1,0,0,0,0,1,0,1,0,E
0,2,0,0,0,0,0,1,0,0,1,1,4,2,E
0,3,0,0,0,0,0,2,0,0,0,3,4,6,E
0,1,0,0,0,2,0,0,0,0,0,2,3,2,E
0,1,0,0,0,0,0,0,0,0,1,2,1,0,E
0,1,0,0,0,0,0,0,0,0,1,3,1,0,E
0,2,0,0,0,0,0,1,0,0,1,2,4,2,E
0,1,0,0,0,0,0,0,0,0,1,3,2,0,E
0,1,0,0,0,0,0,0,0,0,0,1,1,0,E
0,1,0,0,0,0,0,0,0,0,0,1,1,0,E
0,3,0,0,0,0,0,2,0,0,1,3,6,4,E
0,1,0,0,0,1,0,0,0,0,0,0,1,0,E
0,4,0,0,0,0,0,3,0,0,1,5,6,6,E
0,1,0,0,0,0,0,0,0,0,0,1,1,0,E
0,1,0,0,0,0,0,0,0,0,0,2,1,0,E
0,1,0,0,0,0,0,0,0,0,0,3,1,0,E
0,1,0,0,0,0,0,0,0,0,0,1,1,0,E
0,1,0,0,0,0,0,0,0,0,0,2,1,1,E
0,3,0,0,0,0,0,2,0,0,1,3,2,7,E
0,1,0,0,0,0,0,0,0,0,0,1,1,0,E
0,2,0,0,0,0,0,1,0,0,0,3,1,1,E
0,1,0,0,0,1,0,0,0,0,0,1,1,0,E
0,1,0,0,0,0,0,0,0,0,0,3,1,0,E
0,2,0,0,0,0,0,1,0,0,0,2,2,4,E
0,4,0,0,0,0,0,3,0,0,1,3,5,14,E
14,13,0,0,0,20,11,0,0,0,8,39,3,19,E
0,4,0,0,0,0,0,2,0,0,1,2,2,6,E
0,19,0,0,0,4,0,10,0,0,0,17,1,49,E
0,1,0,0,0,0,0,0,0,0,0,0,0,0,E
0,14,550,2,0,517,2,562,97,0,23,394,211,1384,E
0,24,26,0,0,68,0,21,9,4,4,41,18,143,E
0,0,141,0,0,103,0,70,24,0,17,120,128,176,E
0,2,0,0,0,0,0,1,0,0,0,2,4,2,E
0,1,0,0,0,1,0,0,0,0,0,0,1,0,E
0,2,0,0,0,0,0,1,0,0,0,2,4,2,E
0,1,0,0,0,1,0,0,0,0,0,2,1,0,E
0,2,0,0,0,0,0,1,0,0,0,1,4,2,E
0,2,0,0,0,0,0,1,0,0,0,1,4,2,E
0,2,0,0,0,0,0,1,0,0,0,2,4,2,E
0,4,0,0,0,0,0,3,0,0,0,9,5,12,E
0,1,0,0,0,0,0,0,0,0,0,3,1,0,E
0,2,0,0,0,0,0,1,0,0,0,3,4,2,E
0,5,0,0,0,0,0,3,0,0,0,9,7,11,E
0,4,0,0,0,0,0,3,0,0,1,2,6,5,E
0,2,0,0,0,0,0,1,0,0,0,1,4,2,E
0,1,0,0,0,0,0,0,0,0,0,0,2,0,E
0,1,0,0,0,1,0,0,0,0,0,1,3,0,E
0,1,0,0,0,1,0,0,0,0,0,1,2,0,E
0,30,0,0,0,6,0,25,0,0,2,24,10,89,E
0,2,0,0,0,0,0,1,0,0,0,3,4,2,E
0,1,0,0,0,0,0,0,0,0,0,0,1,0,E
0,1,0,0,0,0,0,0,0,0,0,0,1,0,E
0,1,0,0,0,0,0,0,0,0,0,0,1,0,E
0,1,0,0,0,0,0,0,0,0,0,0,1,0,E
0,1,0,0,0,1,0,0,0,0,0,3,2,0,E
0,1,0,0,0,0,0,0,0,0,0,0,1,0,E
0,1,0,0,0,0,0,0,0,0,0,0,1,0,E
0,1,0,0,0,0,0,0,0,0,0,0,2,0,E
0,1,0,0,0,1,0,0,0,0,0,0,1,0,E
0,1,0,0,0,0,0,0,0,0,0,0,3,0,E
0,1,0,0,0,0,0,0,0,0,0,0,2,0,E
0,2,0,0,0,0,0,1,0,0,0,1,3,2,E
0,1,0,0,0,1,0,0,0,0,0,2,1,0,E
0,2,0,0,0,0,0,1,0,0,1,2,3,2,E
1,0,0,0,0,0,0,0,0,0,2,0,4,0,E
0,1,0,0,0,1,0,0,0,0,0,0,2,0,E
0,2,0,0,0,0,0,1,0,0,0,3,4,2,E
0,2,0,0,0,0,0,1,0,0,0,3,4,2,E
0,2,0,0,0,0,0,1,0,0,0,3,4,2,E
0,2,0,0,0,0,0,1,0,0,0,3,5,2,E
0,2,0,0,0,0,0,1,0,0,0,2,4,2,E
0,1,0,0,0,0,0,0,0,0,0,2,1,0,E
0,1,0,0,0,0,0,0,0,0,0,0,1,0,E
0,1,0,0,0,0,0,0,0,0,0,1,1,0,E
0,1,0,0,0,0,0,0,0,0,0,0,1,0,E
0,1,0,0,0,0,0,0,0,0,0,1,1,0,E
0,1,0,0,0,0,0,0,0,0,0,1,1,0,E
0,1,0,0,0,0,0,0,0,0,0,0,1,0,E
0,1,0,0,0,0,0,0,0,0,0,1,2,2,E
0,2,0,0,0,0,0,1,0,0,0,3,4,2,E
0,8,0,0,0,0,0,6,0,0,1,6,7,10,E
0,2,0,0,0,0,0,1,0,0,0,2,4,2,E
0,2,0,0,0,0,0,1,0,0,0,3,4,2,E
1,0,0,0,0,0,0,0,0,0,3,0,7,0,E
0,11,0,2,0,35,0,17,5,0,0,15,13,24,F
0,13,0,0,0,43,0,12,0,0,1,24,12,20,F
0,10,0,1,0,38,0,10,0,0,2,14,9,14,F
0,53,2,1,0,26,0,60,7,0,8,58,42,108,F
1,60,2,1,0,58,0,94,9,0,12,87,40,155,F
0,114,2,1,0,79,0,158,22,0,18,142,66,357,F
1,40,15,1,0,46,0,67,4,0,8,77,47,125,F
0,35,1,0,0,72,0,39,5,0,3,44,48,75,F
0,2,0,0,0,0,0,0,0,0,0,1,1,0,F
0,2,0,0,0,0,0,0,0,0,0,1,1,0,F
0,3,0,0,0,0,0,1,0,0,0,1,2,2,F
0,1,0,0,0,0,0,0,1,0,0,3,3,4,F
0,1,0,0,0,1,0,1,0,0,0,0,3,1,F
0,1,0,0,0,0,0,0,0,0,1,0,2,0,F
0,1,0,0,0,0,0,0,0,0,0,0,1,0,F
0,1,0,0,0,0,0,0,0,0,0,0,1,0,F
0,1,0,0,0,0,0,0,0,0,0,0,1,1,F
0,1,0,0,0,0,0,0,0,0,0,3,2,0,F
0,1,0,0,0,0,0,0,0,0,0,0,1,0,F
0,2,0,0,0,0,0,0,0,0,0,1,1,0,F
0,2,0,0,0,0,0,0,0,0,0,1,1,0,F
0,6,0,0,0,2,0,5,0,0,5,8,5,11,F
0,8,0,0,0,1,0,8,0,0,1,7,7,12,F
0,20,10,1,0,39,0,25,0,0,7,41,15,115,F
0,260,78,5,0,287,4,217,15,4,207,485,18,834,F
0,85,60,3,0,225,1,136,7,0,70,257,10,484,F
0,102,64,3,0,193,3,136,22,2,77,283,6,638,F
0,15,1,0,0,10,0,24,0,0,10,17,11,58,F
0,15,0,0,0,6,0,20,0,0,0,17,18,40,F
0,87,0,0,0,105,0,68,2,0,41,249,101,422,F
0,2,1,1,0,5,0,1,0,0,0,67,2,6,F
0,7,0,0,0,13,0,8,0,0,1,16,18,24,F
0,7,0,2,15,4,0,3,0,0,8,4,5,12,F
0,9,0,0,0,6,0,10,1,0,3,3,5,29,F
0,68,11,2,0,15,0,40,9,0,6,117,41,239,F
3,251,1,1,0,273,1,275,7,0,24,372,221,474,F
0,159,3,0,0,138,0,116,25,0,2,221,233,279,F
0,37,0,0,0,64,0,39,0,0,2,72,45,79,F
0,86,60,0,1,70,0,57,4,0,3,71,92,126,F
0,8,0,0,0,4,0,1,0,0,0,3,8,10,F
0,5,0,0,0,13,0,5,0,0,1,14,7,7,F
0,350,6,1,1,506,0,410,27,0,48,592,316,784,F
1,26,2,0,0,40,0,23,0,0,0,65,33,56,F
0,34,9,0,0,19,0,51,8,1,2,42,35,60,F
1,256,6,2,1,397,0,301,17,0,35,422,381,533,F
7,191,220,1,0,156,0,217,16,1,52,341,231,387,F
0,36,0,0,0,36,0,28,0,0,0,50,49,62,F
0,19,0,0,0,5,0,4,0,0,1,15,28,23,F
0,22,8,0,0,5,0,26,0,0,0,8,32,29,F
0,34,75,0,0,36,0,13,0,0,5,64,17,51,F
0,18,0,0,0,5,0,9,2,0,1,26,30,42,F
1,34,2,0,0,52,0,34,0,0,1,72,33,38,F
0,54,0,0,0,38,0,18,0,0,0,104,113,48,F
0,30,1,3,0,25,0,32,0,0,12,60,14,102,F
0,51,0,0,0,100,0,58,0,0,1,80,60,115,F
0,30,0,0,0,45,0,23,3,0,3,46,62,70,F
1,139,2,0,1,98,0,123,7,0,13,198,199,348,F
0,42,2,0,0,48,0,44,0,0,1,65,67,86,F
0,138,0,0,0,221,0,185,0,0,0,190,133,332,F
5,136,65,1,0,113,0,162,8,0,21,266,167,367,F
0,72,5,0,0,158,0,64,5,0,7,135,79,205,F
0,57,4,0,0,189,0,49,0,0,7,128,83,202,F
1,54,4,0,5,62,0,69,0,0,7,109,94,128,F
0,34,2,0,0,35,0,30,0,0,5,59,58,125,F
3,223,3,0,0,243,0,212,2,0,25,338,315,499,F
0,24,0,0,0,12,0,13,0,0,3,28,34,14,F
0,15,0,0,0,17,0,9,0,0,3,31,22,20,F
0,79,0,0,0,64,0,69,2,0,4,104,84,140,F
0,4,0,1,0,7,0,3,0,0,4,8,10,13,F
0,173,2,0,0,396,0,211,5,0,11,380,260,541,F
0,5,0,1,0,8,0,3,0,0,1,6,10,7,F
0,29,0,0,0,31,0,28,1,0,2,43,43,21,F
1,47,8,0,1,32,0,45,1,0,6,86,77,89,F
4,132,1,16,48,90,0,91,11,0,19,180,130,255,F
0,5,0,0,0,12,0,3,2,0,0,11,13,16,F
0,69,11,3,0,76,0,51,21,0,26,80,112,180,F
0,33,2,0,0,22,0,27,4,0,0,70,53,81,F
0,92,2,2,0,76,0,109,11,1,9,168,120,166,F
0,141,0,0,13,184,0,125,20,0,34,384,263,369,F
0,1,0,0,0,9,0,1,0,0,0,0,2,1,F
0,24,0,0,0,15,0,25,0,0,0,24,28,37,F
0,100,8,0,0,131,0,102,2,0,4,131,102,203,F
0,71,1,0,0,72,0,68,5,0,4,112,68,118,F
0,124,6,0,1,157,0,167,7,0,5,176,142,251,F
0,16,0,0,0,11,0,15,0,0,2,30,10,38,F
0,46,0,0,0,18,0,29,5,0,5,65,50,73,F
0,6,0,0,0,1,0,5,3,0,7,20,7,20,F
0,55,0,0,0,23,0,24,5,0,1,62,50,92,F
0,10,1,0,15,8,1,4,0,0,10,4,7,34,F
0,2,0,1,0,3,0,0,0,0,0,4,5,4,F
0,4,0,0,0,3,0,3,2,1,9,7,2,15,F
0,10,0,0,0,9,0,8,0,0,0,17,12,8,F
0,23,0,0,0,14,0,24,1,0,13,23,24,57,F
0,29,20,1,0,43,0,19,1,0,6,52,8,79,F
8,3,0,0,0,6,0,1,0,0,1,31,2,23,F
0,21,19,6,0,108,1,18,1,0,28,61,3,100,F
0,3,3,1,0,22,0,2,0,0,0,2,13,3,F
0,125,56,1,2,101,7,118,1,9,11,231,137,542,F
0,13,100,1,0,35,6,68,4,0,2,57,30,202,F
0,11,0,0,0,7,0,4,0,0,0,3,8,14,F
0,1,0,0,0,2,0,1,0,0,0,1,0,1,F
0,2,0,0,0,11,0,4,0,0,0,11,5,10,F
0,9,0,0,0,17,0,11,0,0,0,34,12,35,F
0,7,8,0,0,13,0,11,0,0,0,26,10,24,F
0,33,36,0,0,71,0,26,3,0,12,80,34,88,F
0,4,0,0,0,11,0,8,0,0,1,15,7,17,F
0,2,0,0,0,8,0,1,0,0,0,71,0,1,F
0,3,0,0,0,13,0,7,0,0,0,15,7,17,F
0,5,0,0,0,12,0,13,0,0,1,19,8,30,F
0,2,0,0,0,8,0,1,0,0,0,15,7,7,F
0,29,0,0,0,43,0,48,2,0,1,65,37,137,F
2,28,0,0,0,34,0,42,11,0,5,78,32,95,F
0,23,0,0,0,30,0,36,11,0,4,74,30,80,F
0,25,0,0,0,33,0,37,9,0,7,65,21,89,F
0,1,0,0,0,10,0,0,0,0,0,10,3,12,F
0,3,0,0,0,11,0,11,0,0,5,15,11,10,F
0,5,0,0,0,13,0,4,0,0,4,20,8,23,F
0,2,1,0,0,14,0,12,0,0,2,10,5,20,F
0,13,0,0,0,14,0,21,0,0,0,23,13,47,F
0,5,0,0,0,13,0,6,0,0,0,18,5,21,F
0,1,0,0,0,4,0,0,0,0,0,6,3,6,F
0,8,0,0,0,10,0,12,1,0,0,11,5,39,F
0,5,0,0,0,6,0,2,5,0,1,8,4,18,F
0,10,0,0,0,26,0,18,2,0,6,63,14,77,F
0,1,0,0,0,8,0,1,1,0,3,10,1,3,F
1,8,1,0,0,14,0,14,0,0,5,27,6,51,F
0,20,0,0,0,38,0,46,0,0,10,81,28,83,F
0,1,0,0,0,9,0,5,0,0,1,30,3,11,F
1,49,8,0,0,25,0,26,0,0,1,51,19,87,F
0,6,0,0,0,8,0,6,0,0,4,28,7,14,F
0,1,0,0,0,4,0,2,1,0,2,4,3,5,F
0,1,0,0,0,5,0,0,1,0,0,12,4,9,F
0,4,0,0,0,6,0,3,0,0,0,6,3,10,F
3,3,0,0,0,6,0,2,5,0,6,19,4,14,F
0,11,3,0,0,20,0,15,0,0,1,37,21,36,F
0,11,1,0,0,8,0,16,2,0,1,23,11,39,F
0,1,0,0,0,5,0,0,0,0,4,15,4,9,F
2,8,0,0,0,8,0,16,0,0,1,48,7,70,F
0,2,0,0,0,2,0,1,0,0,0,10,3,7,F
0,2,0,0,0,3,0,1,0,0,3,13,4,6,F
1,11,0,0,2,16,0,9,0,0,0,63,30,36,F
0,2,0,0,0,2,0,1,0,0,0,4,5,8,F
0,3,0,0,0,2,0,2,0,0,0,14,7,12,F
0,28,1,1,1,16,0,14,1,0,1,29,23,78,F
0,7,0,0,0,9,0,4,1,0,1,12,9,18,F
0,4,0,0,0,3,0,3,1,0,1,15,7,23,F
0,4,0,0,0,3,0,3,1,0,1,16,7,23,F
1,11,0,0,0,7,0,6,0,0,3,30,12,22,F
0,8,16,0,0,15,0,11,0,0,0,27,7,27,F
0,17,0,0,0,13,0,16,1,0,0,25,19,65,F
0,9,1,0,0,9,0,6,2,0,0,8,6,18,F
0,23,0,0,0,34,0,12,3,0,16,68,41,81,F
0,5,0,0,0,5,0,2,0,0,0,18,10,17,F
0,4,0,0,0,2,0,6,0,0,1,19,5,18,F
0,25,44,0,0,28,0,16,2,0,1,62,35,57,F
0,24,35,0,0,20,0,16,2,0,0,59,34,39,F
0,2,0,0,0,3,0,0,0,0,0,4,3,10,F
0,13,0,0,0,23,0,8,1,0,1,16,12,25,F
0,17,0,0,0,25,0,15,0,0,1,42,20,31,F
0,17,0,0,0,18,0,12,1,0,5,49,18,46,F
0,2,0,0,0,6,0,3,1,0,1,3,3,5,F
0,45,4,0,0,41,0,33,0,0,8,89,47,140,F
6,48,0,1,0,76,0,58,8,0,8,101,64,231,F
0,13,1,0,0,10,0,12,0,0,1,20,8,40,F
0,16,6,0,0,7,0,16,2,0,1,30,9,23,F
0,18,0,0,0,13,0,8,2,0,2,45,22,34,F
0,5,0,0,0,11,0,4,1,0,2,17,11,15,F
0,7,0,0,0,10,0,4,2,0,3,9,4,22,F
0,5,0,0,0,8,0,3,0,0,1,19,8,19,F
0,2,0,0,0,26,0,0,0,0,2,8,8,3,F
0,5,0,0,0,5,0,3,0,0,1,8,3,13,F
0,7,0,0,0,13,0,5,1,0,3,23,10,19,F
0,8,0,1,0,7,0,4,0,0,4,24,11,15,F
0,6,0,0,0,6,0,3,3,0,0,7,13,10,F
0,21,1,0,0,37,0,16,0,0,8,87,20,88,F
0,34,6,0,1,54,0,24,0,0,19,124,33,115,F
1,6,0,0,0,32,0,1,0,0,0,36,21,22,F
0,27,0,0,0,67,0,16,0,0,1,92,58,109,F
0,10,0,0,0,12,0,7,0,0,2,11,12,21,F
0,13,0,0,0,22,0,11,1,0,1,29,13,27,F
0,2,0,0,0,3,0,1,0,0,1,17,3,10,F
0,4,0,2,0,12,0,1,0,0,0,16,9,16,F
0,3,0,0,0,7,0,3,0,0,0,7,4,4,F
0,5,0,0,0,14,0,10,0,0,1,17,9,21,F
0,11,0,0,0,23,0,15,7,0,5,18,12,56,F
1,58,0,0,0,69,0,65,4,0,11,58,61,145,F
0,10,0,0,0,8,0,9,1,0,1,11,7,23,F
5,364,8,1,1,195,1,432,36,0,137,772,420,837,F
0,2,0,0,1,10,0,2,0,0,2,8,5,11,F
0,2,0,0,0,2,0,1,0,0,1,3,8,3,F
0,14,0,0,0,21,0,9,0,0,2,27,28,21,F
0,2,0,0,0,4,0,0,0,0,0,2,6,3,F
0,34,9,0,0,73,0,65,8,0,6,44,24,129,F
0,0,11,0,0,0,0,0,0,0,0,18,23,5,G
0,23,10,1,0,1,0,22,0,0,1,117,31,118,G
0,25,10,0,0,0,0,22,0,0,0,119,33,120,G
0,0,11,0,0,0,0,0,0,0,0,18,23,5,G
0,23,10,1,0,1,0,22,0,0,1,108,31,101,G
0,25,10,0,0,0,0,22,0,0,0,108,33,102,G
0,7,6,2,0,33,0,4,0,0,0,138,10,136,G
0,19,20,0,0,0,0,18,0,0,0,74,64,58,G
0,12,12,0,0,0,0,9,0,0,0,45,49,37,G
0,0,6,0,0,0,0,0,0,0,1,6,4,0,G
0,3,9,0,0,0,0,3,0,0,0,28,13,8,G
0,3,9,0,0,0,0,3,0,0,0,28,13,8,G
0,0,9,0,0,0,0,0,0,0,0,14,14,1,G
0,0,17,0,0,0,0,0,0,0,0,20,17,0,G
0,6,8,0,0,0,0,6,0,0,0,35,34,15,G
0,2,4,0,0,1,0,2,0,0,0,20,9,7,G
0,8,18,0,0,0,0,7,0,0,0,37,37,15,G
0,2,4,0,0,1,0,2,0,0,0,17,11,6,G
0,4,16,0,0,0,0,3,0,0,0,19,26,5,G
0,13,22,0,0,2,0,10,0,1,0,77,30,57,G
0,6,21,0,0,0,0,4,0,1,0,43,30,14,G
0,61,75,0,0,142,0,55,0,5,0,643,51,2770,G
0,4,5,0,0,0,1,2,0,0,0,30,4,55,G
0,4,0,0,0,0,0,0,0,0,0,0,0,0,G
0,3,1,0,0,1,0,2,0,0,0,43,6,80,G
0,2,16,0,0,2,0,2,0,0,0,62,10,88,G
0,0,13,0,0,0,0,0,0,0,0,9,8,1,G
0,8,2,0,0,0,0,0,0,0,0,1,0,1,G
0,1,1,0,0,0,0,0,0,0,0,7,7,4,G
0,7,13,0,0,0,0,5,0,0,0,32,3,32,G
0,1,1,0,0,0,0,0,0,0,0,21,6,29,G
0,1,1,0,0,0,0,0,0,0,0,21,5,29,G
0,46,20,1,0,26,0,39,0,0,0,93,28,139,G
0,10,7,0,0,4,0,10,0,0,0,20,27,38,G
0,1,2,0,0,0,0,0,0,0,0,2,1,0,G
0,0,2,0,0,0,0,0,0,0,0,0,0,0,G
0,18,8,0,0,1,0,14,0,1,1,100,14,75,G
0,0,2,0,0,0,0,0,0,0,0,0,0,0,G
0,19,8,0,0,3,0,15,0,1,1,116,15,80,G
0,0,7,0,0,0,0,0,0,0,0,4,1,0,G
0,1,5,0,0,0,0,1,0,0,0,9,3,7,G
0,5,6,0,0,0,0,5,0,0,0,19,6,14,G
0,5,6,0,0,0,0,5,0,0,0,19,6,14,G
0,10,9,0,0,4,0,10,0,0,0,25,3,28,G
0,0,10,0,0,0,0,0,0,0,0,10,10,0,G
0,1,10,0,0,0,0,1,0,0,0,8,12,2,G
0,8,6,0,0,3,0,7,0,0,0,16,10,23,G
0,43,13,0,0,39,0,33,0,0,0,348,22,651,G
0,7,25,0,0,1,0,6,0,0,0,26,6,17,G
0,62,14,1,0,49,0,60,0,0,2,66,20,135,G
0,32,5,0,0,12,0,31,0,2,0,28,10,68,G
0,20,4,1,0,18,0,18,0,0,0,45,16,92,G
0,20,4,1,0,18,0,18,0,0,0,45,16,96,G
0,16,4,1,0,20,0,14,0,0,0,46,11,109,G
0,20,4,1,0,18,0,18,0,0,0,49,14,103,G
0,18,9,1,0,11,0,18,0,0,0,51,26,69,G
0,7,1,0,0,3,0,5,0,0,0,21,6,16,G
0,18,24,0,0,5,0,17,0,0,0,22,27,63,G
0,13,21,0,0,4,0,13,0,0,0,14,22,45,G
0,25,8,0,0,14,0,24,0,0,0,29,26,85,G
0,5,1,0,0,5,0,5,0,0,1,19,8,16,G
0,23,21,0,0,17,0,22,0,0,0,30,26,63,G
0,6,5,0,0,4,0,6,0,0,1,5,10,26,G
0,22,7,0,0,35,0,21,0,0,0,75,30,147,G
0,20,7,0,0,73,0,20,0,0,0,71,30,169,G
0,0,5,0,0,0,0,0,0,0,0,4,3,0,G
0,3,5,0,0,1,0,3,0,0,0,5,6,6,G
0,11,11,1,0,8,0,8,0,1,0,66,10,41,G
0,2,1,0,0,1,0,1,0,0,0,4,4,37,G
0,0,1,0,0,24,0,0,0,0,4,8,1,0,G
0,0,3,0,0,1,0,0,0,0,0,11,3,90,G
0,8,10,0,0,0,0,8,0,1,0,17,18,31,G
0,5,4,0,0,0,0,5,0,0,0,8,10,11,G
0,0,10,0,0,0,0,0,0,0,0,7,6,0,G
0,14,4,0,0,4,0,14,0,0,0,35,21,58,G
0,14,8,0,0,4,0,14,0,0,0,29,25,59,G
0,5,9,0,0,0,0,5,0,0,0,11,9,13,G
0,17,16,0,0,2,0,16,0,0,0,61,22,57,G
0,0,5,0,0,0,0,0,0,0,0,4,2,0,G
0,2,0,0,0,0,0,0,0,0,0,0,0,0,G
0,2,0,0,0,0,0,0,0,0,0,0,0,0,G
0,2,1,0,0,7,0,2,0,0,0,4,3,31,G
0,2,1,0,0,6,0,2,0,0,0,5,3,33,G
0,0,17,0,0,0,0,0,0,0,0,23,20,0,G
0,0,12,0,0,0,0,0,0,0,0,10,13,1,G
0,1,4,0,0,0,0,1,0,0,0,18,9,11,G
0,11,3,0,0,0,0,11,0,0,0,15,18,23,G
0,9,6,0,0,5,0,5,0,0,0,43,13,25,G
0,0,7,0,0,0,0,0,0,0,0,7,5,0,G
0,15,14,0,0,0,0,11,0,0,0,29,25,19,G
0,7,8,0,0,1,0,5,0,0,0,33,21,48,G
0,7,8,0,0,1,0,5,0,0,0,33,19,47,G
0,15,8,0,0,5,0,13,0,1,0,108,18,173,G
0,2,8,0,0,1,0,2,0,0,0,10,10,6,G
0,18,2,0,0,1,0,17,0,5,0,22,6,47,G
0,2,0,0,0,0,0,0,0,0,0,4,6,0,G
0,6,5,0,0,1,0,3,0,0,0,18,15,38,G
0,6,5,0,0,1,0,3,0,0,0,18,12,36,G
0,0,4,0,0,0,0,0,0,0,0,1,0,0,G
0,17,2,0,0,1,0,17,4,0,0,23,6,46,G
0,0,4,0,0,0,0,0,0,0,0,1,0,0,G
0,17,2,0,0,1,0,17,4,0,0,23,6,46,G
0,0,7,0,0,0,0,0,0,0,0,13,9,3,G
0,0,7,0,0,0,0,0,0,0,0,15,8,4,G
0,2,8,0,0,0,0,2,0,1,0,15,16,22,G
2,17,15,0,0,3,0,10,0,1,1,9,9,42,G
0,48,22,0,0,36,0,43,0,2,7,36,32,151,G
0,31,18,1,0,22,0,29,0,2,6,19,24,90,G
0,47,11,0,0,3,0,43,0,16,0,37,14,182,G
0,15,12,0,0,9,0,15,0,0,0,5,15,31,G
0,11,17,0,0,7,0,9,0,0,5,10,9,82,G
0,38,35,0,0,18,0,37,0,8,1,106,90,207,G
0,0,4,0,0,0,0,0,0,0,0,0,0,0,G
0,14,257,0,0,0,0,12,0,9,0,36,16,59,G
0,14,385,0,0,0,0,12,0,9,0,44,16,60,G
0,9,43,0,0,0,0,6,0,1,0,17,12,29,G
0,63,3,0,0,0,0,56,0,6,0,98,9,113,G
0,8,148,0,0,0,0,5,0,1,0,17,12,27,G
0,33,2,0,0,0,0,30,0,3,0,50,6,61,G
0,4,1,0,0,6,0,8,0,4,0,58,0,35,G
0,3,1,0,0,1,0,2,0,1,0,12,0,4,G
0,3,1,0,0,1,0,0,0,0,0,17,0,1,G
0,5,1,0,0,0,0,5,0,3,0,8,0,13,G
0,1,1,0,0,1,0,2,0,1,0,2,0,5,G
0,5,1,0,0,0,0,5,0,3,0,8,0,13,G
0,7,1,0,0,1,0,4,0,2,0,35,0,24,G
0,9,1,0,0,1,0,6,0,2,0,39,0,14,G
0,5,1,0,0,0,0,4,0,0,0,9,3,17,G
0,6,1,0,0,0,0,5,0,0,0,8,3,23,G
0,7,1,0,0,1,0,3,0,3,0,32,0,16,G
0,11,1,0,0,0,0,10,0,0,0,44,11,48,G
0,8,7,0,0,0,0,8,0,0,0,26,10,39,G
0,3,1,0,0,0,0,4,0,2,0,8,0,8,G
0,12,13,0,0,0,0,8,0,4,0,57,6,44,G
0,8,1,0,0,0,0,8,0,8,1,112,6,48,G
0,6,1,0,0,0,0,3,0,1,0,9,0,9,G
0,7,1,0,0,0,0,3,0,1,0,12,0,5,G
0,14,1,0,0,0,0,11,0,0,0,23,6,39,G
0,7,1,0,0,0,0,3,0,1,0,10,0,5,G
0,5,1,0,0,0,0,2,0,1,0,10,0,4,G
0,4,2,0,0,0,0,1,0,0,0,19,1,16,G
0,51,4,0,0,0,0,42,0,2,0,273,6,211,G
0,10,11,0,0,0,0,7,0,0,0,18,3,41,G
0,22,6,0,0,5,0,20,0,0,0,51,17,57,G
0,5,1,0,0,0,0,4,0,0,0,23,0,9,G
0,8,258,0,0,0,0,6,0,5,0,30,7,46,G
0,6,1,0,0,0,0,6,0,3,0,18,2,27,G
0,16,1,0,0,0,0,14,0,14,0,75,0,45,G
0,4,1,0,0,0,0,4,0,4,0,8,0,19,G
0,1,1,0,0,0,0,1,0,1,0,2,0,3,G
0,5,2,0,0,0,0,4,0,1,0,10,3,30,G
0,9,2,0,0,0,0,9,0,2,0,17,6,41,G
0,6,25,0,0,0,0,4,0,1,0,25,3,11,G
0,12,2,0,0,0,0,11,0,1,0,55,5,36,G
0,4,5,0,0,0,0,4,0,0,0,41,12,60,G
0,0,17,0,0,0,0,0,0,0,0,43,1,5,G
0,4,1,0,0,0,0,4,0,2,0,23,0,16,G
0,3,1,0,0,0,0,0,0,0,0,17,0,0,G
0,5,1,0,0,0,0,5,0,0,0,6,0,12,G
0,56,19,0,0,0,0,44,0,3,0,86,8,130,G
0,55,21,0,0,0,0,44,0,3,0,98,8,148,G
0,21,53,0,0,1,0,15,0,1,3,51,9,56,G
0,2,2,0,0,0,0,2,0,2,0,10,1,27,G
0,19,5,0,0,0,0,18,0,2,0,23,0,66,G
0,3,1,0,0,0,0,0,0,0,0,20,3,17,G
0,1,1,0,0,0,0,0,0,0,0,7,0,0,G
0,2,1,0,0,0,0,0,0,0,0,12,0,2,G
0,6,1,0,0,0,0,3,0,1,0,10,3,12,G
0,2,1,0,0,0,0,0,0,0,0,9,0,5,G
0,10,88,0,0,0,0,7,0,0,0,12,1,19,G
0,28,1,0,0,0,0,24,0,0,0,36,1,27,G
0,2,1,0,0,0,0,2,0,0,0,12,5,11,G
0,5,1,0,0,1,0,4,0,2,0,32,0,15,G
0,5,1,0,0,1,0,3,0,1,0,29,0,5,G
0,5,1,0,0,0,0,4,0,0,0,6,0,12,G
0,6,1,0,0,0,0,5,0,0,0,7,0,17,G
0,15,1,0,0,3,0,12,0,10,0,48,2,43,G
0,6,1,0,0,0,0,6,0,0,0,19,6,23,G
0,1,1,0,0,11,0,1,0,0,0,80,9,139,G
0,3,1,0,0,0,0,3,0,3,0,4,0,12,G
1024,40,3,0,0,0,0,36,0,0,1024,77,3,73,G
0,3,1,0,0,0,0,3,0,3,0,4,0,12,G
0,0,2,0,0,0,0,0,0,0,0,0,0,1,G
0,14,1,0,0,0,0,14,0,2,0,128,1,51,G
0,4,2,0,0,1,0,4,0,0,1,15,5,18,G
0,0,2,0,0,1,0,0,0,0,1,7,4,6,G
0,0,1,0,0,0,0,0,0,0,0,0,0,5,G
0,5,1,0,0,0,0,3,0,1,0,30,2,31,G
0,3,1,0,0,0,0,1,0,0,0,14,2,13,G
0,3,1,0,0,0,0,2,0,1,0,11,0,4,G
0,4,1,0,0,0,0,2,0,1,0,25,0,4,G
0,5,1,0,0,0,0,5,0,0,0,20,3,22,G
0,12,105,0,0,0,0,5,0,2,0,129,30,154,G
0,1,0,10,70,3,0,1,0,0,2,0,3,13,H
0,2,4,6,29,3,0,0,0,0,0,5,0,21,H
0,1,4,2,6,2,0,3,0,0,0,2,3,11,H
0,0,0,3,7,2,0,0,0,0,0,0,4,0,H
0,1,11,6,33,2,1,3,0,0,5,16,0,34,H
0,1,0,8,20,3,0,1,0,0,0,0,3,8,H
0,1,19,4,44,1,1,6,0,0,2,61,0,18,H
0,1,11,6,36,2,1,3,0,0,5,16,0,34,H
0,0,4,2,1,11,0,0,0,0,0,3,3,4,H
0,1,17,10,34,2,1,6,0,0,7,15,3,11,H
0,0,19,4,43,1,1,5,0,0,2,60,0,16,H
0,1,11,6,36,2,1,3,0,0,5,16,0,34,H
0,1,0,6,14,4,0,1,0,0,0,0,3,9,H
0,2,10,6,26,2,1,3,0,0,5,12,0,32,H
0,1,0,10,32,3,0,2,0,0,0,0,3,10,H
0,0,19,4,43,1,1,5,0,0,2,60,0,16,H
0,1,13,6,36,2,1,3,0,0,5,15,0,52,H
0,1,0,8,30,5,0,2,0,0,0,0,3,10,H
0,1,12,8,27,2,1,3,0,0,5,12,0,30,H
0,0,4,2,1,11,0,0,0,0,0,3,3,4,H
0,1,11,10,40,4,1,2,0,0,4,12,3,10,H
0,1,12,8,27,2,1,3,0,0,5,12,0,30,H
0,1,0,10,22,4,0,1,0,0,1,1,3,8,H
0,1,12,8,27,2,1,3,0,0,5,12,0,30,H
0,2,0,8,30,5,0,2,0,0,0,0,3,12,H
0,1,15,8,29,2,1,5,0,0,5,13,0,32,H
0,1,0,8,25,4,0,2,0,0,0,0,3,10,H
0,1,11,6,28,2,1,3,0,0,5,14,0,33,H
0,1,0,6,13,3,0,1,0,0,0,0,3,8,H
0,0,24,12,64,2,1,5,0,0,4,99,0,17,H
0,1,11,6,30,2,1,3,0,0,5,15,0,33,H
0,4,24,1,0,34,1,14,0,0,1,22,11,32,H
0,1,16,6,39,2,0,6,0,0,11,15,0,47,H
0,0,2,13,30,3,0,0,0,0,0,0,2,19,H
0,2,9,6,30,2,0,4,0,0,1,12,0,37,H
0,1,0,7,16,3,1,2,0,0,0,0,3,11,H
0,8,31,1,20,2,13,3,0,0,11,8,13,86,H
0,1,2,6,28,9,0,0,0,0,1,5,0,16,H
0,1,1,11,38,3,0,1,0,0,0,0,3,17,H
1,1,13,11,44,3,1,3,0,0,8,25,0,35,H
0,1,0,18,34,2,0,2,0,0,0,9,3,4,H
1,5,6,7,40,1,1,6,0,0,6,10,0,11,H
0,1,14,9,17,1,4,6,0,0,4,16,0,11,H
0,1,14,14,19,1,3,4,0,0,4,18,2,5,H
0,0,5,13,7,1,0,6,0,0,0,1,3,6,H
0,4,15,18,20,1,1,7,0,0,0,19,0,10,H
0,2,49,43,40,5,9,29,0,0,9,36,6,94,H
0,0,14,13,12,1,4,7,0,1,12,12,0,11,H
0,0,4,2,3,1,1,0,0,0,2,3,0,1,H
0,0,7,2,5,1,1,0,0,1,2,12,6,1,H
0,3,11,6,19,2,0,4,0,0,3,11,0,13,H
0,4,12,5,23,4,0,4,0,0,3,15,0,25,H
0,0,8,5,10,4,0,0,0,0,2,21,0,6,H
0,3,11,4,18,4,0,4,0,0,3,11,0,13,H
0,0,8,6,13,4,0,0,0,0,0,26,0,12,H
0,4,16,6,19,55,15,3,0,0,1,24,3,57,H
0,0,9,6,8,3,1,0,0,0,3,15,2,5,H
0,0,9,6,7,3,1,0,0,0,2,15,2,5,H
0,4,20,9,29,7,0,1,0,1,0,24,1,19,H
1,11,23,12,42,10,3,3,0,2,5,34,2,31,H
0,7,13,1,0,26,0,6,0,0,7,25,0,66,H
0,7,6,2,13,2,0,5,0,0,0,19,4,12,H
2,6,8,3,15,1,0,6,1,0,1,25,19,64,H
0,7,6,3,16,2,0,5,0,0,0,19,4,12,H
2,6,8,3,15,1,0,6,1,0,1,25,19,64,H
0,0,8,6,13,4,0,0,0,0,0,26,0,12,H
0,0,11,6,12,4,0,0,0,0,0,24,0,6,H
0,4,12,6,22,4,0,4,0,0,3,13,0,25,H
0,3,11,4,18,4,0,4,0,0,3,11,0,12,H
0,0,12,7,21,9,0,0,0,0,2,8,0,47,H
0,2,9,2,2,1,0,4,0,0,0,4,2,13,H
0,0,8,6,13,4,0,0,0,0,0,26,0,12,H
0,0,11,6,12,4,0,0,0,0,0,24,0,6,H
0,4,12,6,22,4,0,4,0,0,3,13,0,25,H
0,4,16,6,13,27,0,4,0,0,1,20,0,14,H
0,0,15,6,15,4,0,0,0,0,1,16,0,10,H
1,6,20,10,19,14,0,0,0,0,0,27,0,9,H
0,0,11,6,12,4,0,0,0,0,0,13,0,9,H
0,5,20,9,28,8,0,1,0,1,1,26,1,27,H
0,0,2,6,14,33,0,0,0,0,0,5,0,0,H
0,0,2,6,14,31,0,0,0,0,0,3,0,0,H
0,0,3,6,14,47,0,0,0,0,0,2,0,0,H
0,0,8,6,11,4,0,0,0,0,0,22,0,6,H
0,1,19,6,23,5,0,1,0,1,1,22,1,27,H
0,3,25,10,28,6,1,1,0,1,2,25,1,21,H
0,0,8,6,13,4,0,0,0,0,0,26,0,12,H
0,0,11,6,12,4,0,0,0,0,0,24,0,7,H
0,1,2,0,1,4,0,0,0,0,0,2,0,18,H
0,3,8,5,17,1,0,0,0,0,1,24,0,18,H
0,1,2,0,1,4,0,0,0,0,0,2,0,18,H
0,3,8,5,17,1,0,0,0,0,1,24,0,18,H
0,1,2,0,2,4,0,0,0,0,0,2,0,18,H
0,3,8,5,17,1,0,0,0,0,1,23,0,18,H
0,2,2,0,2,4,0,0,0,0,0,4,0,21,H
0,3,9,5,20,1,0,0,0,0,1,25,0,18,H
0,1,2,0,2,4,0,0,0,0,0,2,0,18,H
0,3,9,5,21,1,0,0,0,0,1,25,0,18,H
0,1,2,0,2,4,0,0,0,0,0,2,0,18,H
0,3,9,5,20,1,0,0,0,0,1,25,0,18,H
0,0,18,6,47,1,12,0,0,0,0,4,0,59,H
0,4,22,10,44,15,2,1,0,1,4,30,1,35,H
0,3,11,4,18,4,0,4,0,0,2,8,0,13,H
0,0,2,6,5,11,0,0,0,0,0,0,0,0,H
0,0,2,6,5,11,0,0,0,0,0,0,0,0,H
0,0,2,6,5,20,0,0,0,0,1,0,0,1,H
0,0,8,6,4,11,0,0,0,0,2,8,0,12,H
0,1,2,6,4,9,0,2,0,0,0,3,0,3,H
1,4,12,9,22,4,0,4,0,0,2,10,0,24,H
0,3,11,4,19,4,0,4,0,0,3,8,0,12,H
1,4,12,9,22,4,0,4,0,0,2,10,0,24,H
0,0,12,7,18,9,0,0,0,0,2,8,0,42,H
0,3,11,4,20,4,0,4,0,0,3,8,0,13,H
0,0,9,6,14,4,0,0,0,0,0,22,0,6,H
0,1,10,7,13,4,1,0,0,0,0,23,1,9,H
0,1,10,7,11,4,1,1,0,0,2,24,0,8,H
0,1,8,6,12,4,1,0,0,0,0,23,0,7,H
0,0,8,2,8,4,0,3,0,0,4,8,6,6,H
0,0,13,6,24,18,0,0,0,0,1,7,0,62,H
0,1,12,8,15,6,0,0,0,0,1,11,0,39,H
0,0,13,8,16,9,0,0,0,0,1,11,0,41,H
0,3,14,6,11,10,0,0,0,0,1,9,1,31,H
0,0,12,6,13,8,0,0,0,0,2,8,0,40,H
0,0,13,6,21,7,0,0,0,0,1,8,0,31,H
0,0,12,7,15,10,0,0,0,0,2,8,0,42,H
1,0,12,7,19,9,0,0,0,0,2,8,0,56,H
0,0,12,7,15,10,0,0,0,0,2,8,0,42,H
1,0,12,7,17,10,0,0,0,0,2,8,0,56,H
1,0,12,7,16,12,0,0,0,0,2,8,0,67,H
0,0,13,6,22,17,0,0,0,0,1,8,0,66,H
0,0,5,6,30,20,0,0,0,0,1,1,0,47,H
0,0,12,6,16,12,0,0,0,0,1,8,0,52,H
0,0,12,6,16,12,0,0,0,0,1,8,0,53,H
0,0,13,6,21,15,0,0,0,0,1,8,0,69,H
0,1,4,6,34,22,0,1,0,0,0,1,0,30,H
0,0,12,6,20,12,0,0,0,0,1,8,0,64,H
0,1,4,6,34,23,0,1,0,0,0,1,0,30,H
0,0,2,8,10,14,0,0,0,0,0,1,0,10,H
0,0,4,7,15,14,0,0,0,0,0,1,0,26,H
0,1,12,7,19,17,0,0,0,0,1,9,0,65,H
0,3,9,5,25,1,0,0,0,0,1,26,0,18,H
0,1,2,0,2,4,0,0,0,0,0,2,0,18,H
0,7,12,1,0,3,4,8,0,0,0,0,3,21,H
0,23,21,1,16,10,0,21,0,0,1,19,20,97,H
0,6,5,1,0,7,2,5,0,0,0,3,1,8,H
0,6,3,1,0,12,0,7,0,0,2,5,10,55,H
0,0,2,1,0,7,0,1,0,0,1,0,1,8,H
0,24,0,0,1,34,0,2,0,0,0,0,0,2,H
0,14,16,15,18,4,1,8,0,0,9,16,0,43,H
0,219,0,0,1,1296,0,323,0,0,143,185,71,756,H
0,1,20,0,0,35,0,26,0,0,1,33,19,102,H
0,0,12,0,0,18,0,17,0,0,0,12,14,53,H
0,2,6,1,0,14,0,1,0,0,2,48,9,27,H
1,138,0,0,111,45,0,81,7,0,5,134,1,356,H
0,67,1,0,21,12,0,53,4,0,0,31,2,125,H
0,2,0,0,3,10,0,1,0,0,0,6,5,0,H
0,2,0,0,3,8,0,1,0,0,0,5,2,6,H
0,17,0,1,16,20,0,5,0,0,0,10,5,12,H
0,9,0,0,18,15,0,3,1,0,1,14,6,11,H
0,1,11,0,10,4,5,5,0,0,18,14,3,15,H
1,3,108,20,217,5,3,84,0,0,4,119,20,222,H
0,1,20,12,27,1,0,15,0,0,2,29,9,71,H
0,0,2,15,58,2,0,1,0,0,0,0,0,2,H
0,1,22,10,12,1,2,9,0,0,7,27,2,57,H
1,1,14,25,29,1,1,9,0,0,15,37,6,60,H
0,2,11,4,8,1,0,4,0,0,0,9,0,23,H
0,0,1,16,37,2,0,1,0,0,1,0,0,6,H
0,1,28,20,20,1,1,10,0,0,20,31,6,39,H
0,0,1,12,37,2,0,1,0,0,0,0,0,1,H
0,3,51,12,99,4,1,20,0,0,4,55,0,112,H
0,4,39,18,31,1,1,6,0,0,9,71,4,98,H
0,2,47,8,43,13,1,25,0,0,3,36,9,107,H
0,7,34,3,88,9,19,12,0,0,6,43,13,144,H
0,0,1,8,15,2,0,1,0,0,0,0,0,1,H
0,0,13,11,7,1,2,5,0,0,9,19,3,22,H
0,1,31,0,67,43,2,13,0,0,8,56,3,74,H
0,6,105,25,129,4,6,55,0,1,8,106,3,291,H
0,0,21,4,29,1,1,9,0,0,0,20,1,37,H
0,0,37,13,31,1,0,7,0,0,12,43,2,81,H
0,6,90,24,88,2,6,36,0,1,9,111,0,246,H
0,0,10,4,6,1,1,4,0,0,1,14,0,10,H
0,1,101,39,101,1,15,40,0,0,24,105,21,248,H
0,9,61,29,72,1,8,27,0,0,11,70,4,218,H
0,0,50,0,79,41,0,25,0,0,0,30,0,88,H
0,22,11,6,165,9,1,18,0,0,4,15,12,125,H
0,15,27,2,47,8,0,21,0,0,0,27,0,107,H
0,0,46,11,72,3,4,23,0,0,7,61,0,67,H
0,5,71,8,143,14,5,47,0,0,17,51,1,108,H
0,1,41,0,0,49,10,14,0,0,0,28,14,108,H
0,1,42,0,0,50,11,14,0,0,0,29,14,112,H
0,1,71,0,0,63,2,52,0,0,0,37,18,199,H
0,3,11,23,79,2,0,4,0,0,1,13,0,40,H
0,0,2,0,0,1,0,1,0,0,0,0,0,2,H
0,0,3,0,1,1,0,0,0,0,0,0,0,3,H
0,4,33,13,52,3,2,12,0,0,3,26,0,92,H
0,11,14,67,77,2,2,2,0,0,3,9,0,83,H
0,0,38,2,4,7,0,15,0,0,2,31,23,50,H
0,9,58,10,107,30,19,13,0,0,38,46,10,148,H
2,20,36,6,195,7,17,25,0,0,11,31,1,325,H
0,0,11,4,13,3,0,0,0,0,0,5,0,3,H
0,1,32,0,106,8,10,0,0,0,1,15,0,125,H
0,34,17,10,61,1,0,58,0,0,4,32,0,148,H
0,0,10,2,22,1,8,0,0,0,23,44,0,13,H
0,0,21,6,33,1,0,1,0,0,0,38,0,34,H
0,0,17,10,20,1,0,1,0,0,2,36,0,38,H
0,0,0,0,0,0,0,0,0,0,0,0,0,0,H
0,0,1,0,0,0,0,0,0,0,0,0,1,0,H
0,0,16,1,0,2,0,6,0,0,0,2,2,10,H
0,3,0,0,0,0,0,0,0,0,0,1,0,1,H
0,0,0,0,0,0,0,0,0,0,0,0,0,0,H
0,0,13,1,24,8,0,2,0,0,0,16,1,8,H
0,0,6,4,0,0,0,0,0,0,0,5,0,0,H
0,1,19,32,13,1,0,15,0,0,0,20,0,63,H
1,0,2,4,2,1,0,1,0,0,0,1,0,2,H
0,9,26,0,0,144,0,24,4,0,1,11,2,92,H